<application>
  <component name="ProjectJdkTable">
    <jdk version="2">
      <name value="Python 3.7 (CMS)" />
      <type value="Python SDK" />
      <homePath value="C:\Project\CMS\venv\Scripts\python.exe" />
      <roots>
        <classPath>
          <root type="composite">
            <root url="file://$USER_HOME$/AppData/Local/Programs/Python/Python37-32/DLLs" type="simple" />
            <root url="file://$USER_HOME$/AppData/Local/Programs/Python/Python37-32/Lib" type="simple" />
            <root url="file://$USER_HOME$/AppData/Local/Programs/Python/Python37-32" type="simple" />
            <root url="file://C:/Project/CMS/venv" type="simple" />
            <root url="file://C:/Project/CMS/venv/Lib/site-packages" type="simple" />
            <root url="jar://C:/Project/CMS/venv/Lib/site-packages/setuptools-40.8.0-py3.7.egg!/" type="simple" />
            <root url="file://C:/Project/CMS/venv/Lib/site-packages/pip-19.0.3-py3.7.egg" type="simple" />
            <root url="file://$USER_HOME$/.PyCharm2019.1/system/python_stubs/475234091" type="simple" />
            <root url="file://$APPLICATION_HOME_DIR$/helpers/python-skeletons" type="simple" />
            <root url="file://$APPLICATION_HOME_DIR$/helpers/typeshed/stdlib/3" type="simple" />
            <root url="file://$APPLICATION_HOME_DIR$/helpers/typeshed/stdlib/2and3" type="simple" />
            <root url="file://$APPLICATION_HOME_DIR$/helpers/typeshed/third_party/3" type="simple" />
            <root url="file://$APPLICATION_HOME_DIR$/helpers/typeshed/third_party/2and3" type="simple" />
          </root>
        </classPath>
        <sourcePath>
          <root type="composite" />
        </sourcePath>
      </roots>
      <additional ASSOCIATED_PROJECT_PATH="C:/Project/CMS" />
    </jdk>
    <jdk version="2">
      <name value="Python 3.7 (LogisticsSimulation)" />
      <type value="Python SDK" />
      <homePath value="C:\Users\32256\PycharmProjects\LogisticsSimulation\venv\Scripts\python.exe" />
      <roots>
        <classPath>
          <root type="composite">
            <root url="file://$USER_HOME$/AppData/Local/Programs/Python/Python37-32/DLLs" type="simple" />
            <root url="file://$USER_HOME$/AppData/Local/Programs/Python/Python37-32/Lib" type="simple" />
            <root url="file://$USER_HOME$/AppData/Local/Programs/Python/Python37-32" type="simple" />
            <root url="file://$USER_HOME$/PycharmProjects/LogisticsSimulation/venv" type="simple" />
            <root url="file://$USER_HOME$/PycharmProjects/LogisticsSimulation/venv/Lib/site-packages" type="simple" />
            <root url="jar://$USER_HOME$/PycharmProjects/LogisticsSimulation/venv/Lib/site-packages/setuptools-40.8.0-py3.7.egg!/" type="simple" />
            <root url="file://$USER_HOME$/PycharmProjects/LogisticsSimulation/venv/Lib/site-packages/pip-19.0.3-py3.7.egg" type="simple" />
            <root url="file://$USER_HOME$/.PyCharm2019.1/system/python_stubs/-1447160471" type="simple" />
            <root url="file://$APPLICATION_HOME_DIR$/helpers/python-skeletons" type="simple" />
            <root url="file://$APPLICATION_HOME_DIR$/helpers/typeshed/stdlib/3" type="simple" />
            <root url="file://$APPLICATION_HOME_DIR$/helpers/typeshed/stdlib/2and3" type="simple" />
            <root url="file://$APPLICATION_HOME_DIR$/helpers/typeshed/third_party/3" type="simple" />
            <root url="file://$APPLICATION_HOME_DIR$/helpers/typeshed/third_party/2and3" type="simple" />
          </root>
        </classPath>
        <sourcePath>
          <root type="composite" />
        </sourcePath>
      </roots>
      <additional ASSOCIATED_PROJECT_PATH="$USER_HOME$/PycharmProjects/LogisticsSimulation" />
    </jdk>
    <jdk version="2">
      <name value="Python 3.7 (PornCrawler) (2)" />
      <type value="Python SDK" />
      <version value="Python 3.7.4" />
      <homePath value="C:\PornCrawler\venv\Scripts\python.exe" />
      <roots>
        <classPath>
          <root type="composite">
            <root url="file://C:/Python/Python37-32/DLLs" type="simple" />
            <root url="file://C:/Python/Python37-32/Lib" type="simple" />
            <root url="file://C:/Python/Python37-32" type="simple" />
            <root url="file://C:/PornCrawler/venv" type="simple" />
            <root url="file://C:/PornCrawler/venv/Lib/site-packages" type="simple" />
            <root url="jar://C:/PornCrawler/venv/Lib/site-packages/setuptools-40.8.0-py3.7.egg!/" type="simple" />
            <root url="file://C:/PornCrawler/venv/Lib/site-packages/pip-19.0.3-py3.7.egg" type="simple" />
            <root url="file://$USER_HOME$/.PyCharm2019.1/system/python_stubs/1216398865" type="simple" />
            <root url="file://$APPLICATION_HOME_DIR$/helpers/python-skeletons" type="simple" />
            <root url="file://$APPLICATION_HOME_DIR$/helpers/typeshed/stdlib/3" type="simple" />
            <root url="file://$APPLICATION_HOME_DIR$/helpers/typeshed/stdlib/2and3" type="simple" />
            <root url="file://$APPLICATION_HOME_DIR$/helpers/typeshed/third_party/3" type="simple" />
            <root url="file://$APPLICATION_HOME_DIR$/helpers/typeshed/third_party/2and3" type="simple" />
          </root>
        </classPath>
        <sourcePath>
          <root type="composite" />
        </sourcePath>
      </roots>
      <additional ASSOCIATED_PROJECT_PATH="C:/PornCrawler" />
    </jdk>
    <jdk version="2">
      <name value="Python 3.7" />
      <type value="Python SDK" />
      <version value="Python 3.7.4" />
      <homePath value="C:\Python\Python37-32\python.exe" />
      <roots>
        <classPath>
          <root type="composite">
            <root url="file://C:/Python/Python37-32/DLLs" type="simple" />
            <root url="file://C:/Python/Python37-32/Lib" type="simple" />
            <root url="file://C:/Python/Python37-32" type="simple" />
            <root url="file://C:/Python/Python37-32/Lib/site-packages" type="simple" />
            <root url="file://$USER_HOME$/.PyCharm2019.1/system/python_stubs/671489982" type="simple" />
            <root url="file://$APPLICATION_HOME_DIR$/helpers/python-skeletons" type="simple" />
            <root url="file://$APPLICATION_HOME_DIR$/helpers/typeshed/stdlib/3" type="simple" />
            <root url="file://$APPLICATION_HOME_DIR$/helpers/typeshed/stdlib/2and3" type="simple" />
            <root url="file://$APPLICATION_HOME_DIR$/helpers/typeshed/third_party/3" type="simple" />
            <root url="file://$APPLICATION_HOME_DIR$/helpers/typeshed/third_party/2and3" type="simple" />
          </root>
        </classPath>
        <sourcePath>
          <root type="composite" />
        </sourcePath>
      </roots>
      <additional />
    </jdk>
    <jdk version="2">
      <name value="Python 3.7 (DJtest)" />
      <type value="Python SDK" />
      <version value="Python 3.7.4" />
      <homePath value="C:\DJtest\venv\Scripts\python.exe" />
      <roots>
        <classPath>
          <root type="composite">
            <root url="file://C:/Python/Python37-32/DLLs" type="simple" />
            <root url="file://C:/Python/Python37-32/Lib" type="simple" />
            <root url="file://C:/Python/Python37-32" type="simple" />
            <root url="file://C:/DJtest/venv" type="simple" />
            <root url="file://C:/DJtest/venv/Lib/site-packages" type="simple" />
            <root url="file://C:/Python/Python37-32/Lib/site-packages" type="simple" />
            <root url="file://$USER_HOME$/.PyCharm2019.1/system/python_stubs/-494229600" type="simple" />
            <root url="file://$APPLICATION_HOME_DIR$/helpers/python-skeletons" type="simple" />
            <root url="file://$APPLICATION_HOME_DIR$/helpers/typeshed/stdlib/3" type="simple" />
            <root url="file://$APPLICATION_HOME_DIR$/helpers/typeshed/stdlib/2and3" type="simple" />
            <root url="file://$APPLICATION_HOME_DIR$/helpers/typeshed/third_party/3" type="simple" />
            <root url="file://$APPLICATION_HOME_DIR$/helpers/typeshed/third_party/2and3" type="simple" />
          </root>
        </classPath>
        <sourcePath>
          <root type="composite" />
        </sourcePath>
      </roots>
      <additional ASSOCIATED_PROJECT_PATH="C:/DJtest" />
    </jdk>
    <jdk version="2">
      <name value="Python 3.7 (scrapy_ZhiHu)" />
      <type value="Python SDK" />
      <version value="Python 3.7.4" />
      <homePath value="C:\scrapy_ZhiHu\venv\Scripts\python.exe" />
      <roots>
        <classPath>
          <root type="composite">
            <root url="file://C:/Python/Python37-32/DLLs" type="simple" />
            <root url="file://C:/Python/Python37-32/Lib" type="simple" />
            <root url="file://C:/Python/Python37-32" type="simple" />
            <root url="file://C:/scrapy_ZhiHu/venv" type="simple" />
            <root url="file://C:/scrapy_ZhiHu/venv/Lib/site-packages" type="simple" />
            <root url="jar://C:/scrapy_ZhiHu/venv/Lib/site-packages/setuptools-40.8.0-py3.7.egg!/" type="simple" />
            <root url="file://C:/scrapy_ZhiHu/venv/Lib/site-packages/pip-19.0.3-py3.7.egg" type="simple" />
            <root url="file://$USER_HOME$/.PyCharm2019.1/system/python_stubs/1489733017" type="simple" />
            <root url="file://$APPLICATION_HOME_DIR$/helpers/python-skeletons" type="simple" />
            <root url="file://$APPLICATION_HOME_DIR$/helpers/typeshed/stdlib/3" type="simple" />
            <root url="file://$APPLICATION_HOME_DIR$/helpers/typeshed/stdlib/2and3" type="simple" />
            <root url="file://$APPLICATION_HOME_DIR$/helpers/typeshed/third_party/3" type="simple" />
            <root url="file://$APPLICATION_HOME_DIR$/helpers/typeshed/third_party/2and3" type="simple" />
          </root>
        </classPath>
        <sourcePath>
          <root type="composite" />
        </sourcePath>
      </roots>
      <additional ASSOCIATED_PROJECT_PATH="C:/scrapy_ZhiHu" />
    </jdk>
    <jdk version="2">
      <name value="Python 3.7 (ZhihuGirlsCrawler)" />
      <type value="Python SDK" />
      <version value="Python 3.7.4" />
      <homePath value="C:\ZhihuGirlsCrawler\venv\Scripts\python.exe" />
      <roots>
        <classPath>
          <root type="composite">
            <root url="file://C:/Python/Python37-32/DLLs" type="simple" />
            <root url="file://C:/Python/Python37-32/Lib" type="simple" />
            <root url="file://C:/Python/Python37-32" type="simple" />
            <root url="file://C:/ZhihuGirlsCrawler/venv" type="simple" />
            <root url="file://C:/ZhihuGirlsCrawler/venv/Lib/site-packages" type="simple" />
            <root url="jar://C:/ZhihuGirlsCrawler/venv/Lib/site-packages/setuptools-40.8.0-py3.7.egg!/" type="simple" />
            <root url="file://C:/ZhihuGirlsCrawler/venv/Lib/site-packages/pip-19.0.3-py3.7.egg" type="simple" />
            <root url="file://$USER_HOME$/.PyCharm2019.1/system/python_stubs/-710992611" type="simple" />
            <root url="file://$APPLICATION_HOME_DIR$/helpers/python-skeletons" type="simple" />
            <root url="file://$APPLICATION_HOME_DIR$/helpers/typeshed/stdlib/3" type="simple" />
            <root url="file://$APPLICATION_HOME_DIR$/helpers/typeshed/stdlib/2and3" type="simple" />
            <root url="file://$APPLICATION_HOME_DIR$/helpers/typeshed/third_party/3" type="simple" />
            <root url="file://$APPLICATION_HOME_DIR$/helpers/typeshed/third_party/2and3" type="simple" />
          </root>
        </classPath>
        <sourcePath>
          <root type="composite" />
        </sourcePath>
      </roots>
      <additional ASSOCIATED_PROJECT_PATH="C:/ZhihuGirlsCrawler" />
    </jdk>
    <jdk version="2">
      <name value="Python 3.7 (GA)" />
      <type value="Python SDK" />
      <version value="Python 3.7.4" />
      <homePath value="C:\GA\venv\Scripts\python.exe" />
      <roots>
        <classPath>
          <root type="composite">
            <root url="file://C:/Python/Python37-32/DLLs" type="simple" />
            <root url="file://C:/Python/Python37-32/Lib" type="simple" />
            <root url="file://C:/Python/Python37-32" type="simple" />
            <root url="file://C:/GA/venv" type="simple" />
            <root url="file://C:/GA/venv/Lib/site-packages" type="simple" />
            <root url="jar://C:/GA/venv/Lib/site-packages/setuptools-40.8.0-py3.7.egg!/" type="simple" />
            <root url="file://C:/GA/venv/Lib/site-packages/pip-19.0.3-py3.7.egg" type="simple" />
            <root url="file://$USER_HOME$/.PyCharm2019.2/system/python_stubs/-1527935902" type="simple" />
            <root url="file://$APPLICATION_HOME_DIR$/helpers/python-skeletons" type="simple" />
            <root url="file://$APPLICATION_HOME_DIR$/helpers/typeshed/stdlib/3" type="simple" />
            <root url="file://$APPLICATION_HOME_DIR$/helpers/typeshed/stdlib/2and3" type="simple" />
            <root url="file://$APPLICATION_HOME_DIR$/helpers/typeshed/third_party/3" type="simple" />
            <root url="file://$APPLICATION_HOME_DIR$/helpers/typeshed/third_party/2and3" type="simple" />
          </root>
        </classPath>
        <sourcePath>
          <root type="composite" />
        </sourcePath>
      </roots>
      <additional ASSOCIATED_PROJECT_PATH="C:/GA" />
    </jdk>
    <jdk version="2">
      <name value="Remote Python 3.6.9 (sftp://root@192.168.0.103:22/usr/bin/python3)" />
      <type value="Python SDK" />
      <version value="Python 3.6.9" />
      <homePath value="sftp://root@192.168.0.103:22/usr/bin/python3" />
      <roots>
        <classPath>
          <root type="composite">
            <root url="file://$USER_HOME$/.PyCharm2019.2/system/remote_sources/-350530725/201545291" type="simple" />
            <root url="file://$USER_HOME$/.PyCharm2019.2/system/remote_sources/-350530725/-1171821208" type="simple" />
            <root url="file://$USER_HOME$/.PyCharm2019.2/system/python_stubs/-350530725" type="simple" />
            <root url="file://$APPLICATION_HOME_DIR$/helpers/python-skeletons" type="simple" />
            <root url="file://$APPLICATION_HOME_DIR$/helpers/typeshed/stdlib/3" type="simple" />
            <root url="file://$APPLICATION_HOME_DIR$/helpers/typeshed/stdlib/2and3" type="simple" />
            <root url="file://$APPLICATION_HOME_DIR$/helpers/typeshed/third_party/3" type="simple" />
            <root url="file://$APPLICATION_HOME_DIR$/helpers/typeshed/third_party/2and3" type="simple" />
          </root>
        </classPath>
        <sourcePath>
          <root type="composite" />
        </sourcePath>
      </roots>
      <additional WEB_SERVER_CONFIG_ID="23a07c60-1f3e-4da3-8909-d99bb038b96a" WEB_SERVER_CONFIG_NAME="Remote" WEB_SERVER_CREDENTIALS_ID="sftp://root@192.168.0.103:22" INTERPRETER_PATH="/usr/bin/python3" HELPERS_PATH="/root/.pycharm_helpers" INITIALIZED="false" VALID="true" RUN_AS_ROOT_VIA_SUDO="false" SKELETONS_PATH="" VERSION="">
        <PathMappingSettings>
          <option name="pathMappings">
            <list>
              <mapping local-root="$USER_HOME$/.PyCharm2019.2/system/remote_sources/-350530725/201545291" remote-root="/usr/lib/python3.6" />
              <mapping local-root="$USER_HOME$/.PyCharm2019.2/system/remote_sources/-350530725/-1171821208" remote-root="/usr/lib/python3/dist-packages" />
            </list>
          </option>
        </PathMappingSettings>
      </additional>
    </jdk>
  </component>
</application>