<application>
  <component name="WebServers">
    <option name="servers">
      <webServer id="23a07c60-1f3e-4da3-8909-d99bb038b96a" name="Remote" url="http://192.168.0.103">
        <fileTransfer host="192.168.0.103" port="22" rootFolder="/root" accessType="SFTP">
          <advancedOptions>
            <advancedOptions controlEncoding="utf-8" dataProtectionLevel="Private" passiveMode="true" shareSSLContext="true" />
          </advancedOptions>
          <option name="port" value="22" />
        </fileTransfer>
      </webServer>
    </option>
  </component>
</application>